url,lang
https://www.aiseoturbo.com/de/,de
https://www.aiseoturbo.com/fr/,fr
https://www.aiseoturbo.com/,en
https://www.aiseoturbo.com/it/,it
https://www.aiseoturbo.com/es/,es
https://www.aiseoturbo.com/id/,id
https://www.aiseoturbo.com/de/features,de
https://www.aiseoturbo.com/fr/features,fr
https://www.aiseoturbo.com/features,en
https://www.aiseoturbo.com/it/features,it
https://www.aiseoturbo.com/es/features,es
https://www.aiseoturbo.com/id/features,id
https://www.aiseoturbo.com/de/features/seo-audit,de
https://www.aiseoturbo.com/fr/features/seo-audit,fr
https://www.aiseoturbo.com/features/seo-audit,en
https://www.aiseoturbo.com/it/features/seo-audit,it
https://www.aiseoturbo.com/es/features/seo-audit,es
https://www.aiseoturbo.com/id/features/seo-audit,id
https://www.aiseoturbo.com/de/features/site-crawler,de
https://www.aiseoturbo.com/fr/features/site-crawler,fr
https://www.aiseoturbo.com/features/site-crawler,en
https://www.aiseoturbo.com/it/features/site-crawler,it
https://www.aiseoturbo.com/es/features/site-crawler,es
https://www.aiseoturbo.com/id/features/site-crawler,id
https://www.aiseoturbo.com/de/features/keyword-tracking,de
https://www.aiseoturbo.com/fr/features/keyword-tracking,fr
https://www.aiseoturbo.com/features/keyword-tracking,en
https://www.aiseoturbo.com/it/features/keyword-tracking,it
https://www.aiseoturbo.com/es/features/keyword-tracking,es
https://www.aiseoturbo.com/id/features/keyword-tracking,id
https://www.aiseoturbo.com/de/features/competitor-analysis,de
https://www.aiseoturbo.com/fr/features/competitor-analysis,fr
https://www.aiseoturbo.com/features/competitor-analysis,en
https://www.aiseoturbo.com/it/features/competitor-analysis,it
https://www.aiseoturbo.com/es/features/competitor-analysis,es
https://www.aiseoturbo.com/id/features/competitor-analysis,id
https://www.aiseoturbo.com/de/features/ai-assistant,de
https://www.aiseoturbo.com/fr/features/ai-assistant,fr
https://www.aiseoturbo.com/features/ai-assistant,en
https://www.aiseoturbo.com/it/features/ai-assistant,it
https://www.aiseoturbo.com/es/features/ai-assistant,es
https://www.aiseoturbo.com/id/features/ai-assistant,id
https://www.aiseoturbo.com/de/pricing,de
https://www.aiseoturbo.com/fr/pricing,fr
https://www.aiseoturbo.com/pricing,en
https://www.aiseoturbo.com/it/pricing,it
https://www.aiseoturbo.com/es/pricing,es
https://www.aiseoturbo.com/id/pricing,id
https://www.aiseoturbo.com/de/demo,de
https://www.aiseoturbo.com/fr/demo,fr
https://www.aiseoturbo.com/demo,en
https://www.aiseoturbo.com/it/demo,it
https://www.aiseoturbo.com/es/demo,es
https://www.aiseoturbo.com/id/demo,id
https://www.aiseoturbo.com/de/about,de
https://www.aiseoturbo.com/fr/about,fr
https://www.aiseoturbo.com/about,en
https://www.aiseoturbo.com/it/about,it
https://www.aiseoturbo.com/es/about,es
https://www.aiseoturbo.com/id/about,id
https://www.aiseoturbo.com/de/careers,de
https://www.aiseoturbo.com/fr/careers,fr
https://www.aiseoturbo.com/careers,en
https://www.aiseoturbo.com/it/careers,it
https://www.aiseoturbo.com/es/careers,es
https://www.aiseoturbo.com/id/careers,id
https://www.aiseoturbo.com/de/blog,de
https://www.aiseoturbo.com/fr/blog,fr
https://www.aiseoturbo.com/blog,en
https://www.aiseoturbo.com/it/blog,it
https://www.aiseoturbo.com/es/blog,es
https://www.aiseoturbo.com/id/blog,id
https://www.aiseoturbo.com/de/blog/ai-powered-seo-future,de
https://www.aiseoturbo.com/fr/blog/ai-powered-seo-future,fr
https://www.aiseoturbo.com/blog/ai-powered-seo-future,en
https://www.aiseoturbo.com/it/blog/ai-powered-seo-future,it
https://www.aiseoturbo.com/es/blog/ai-powered-seo-future,es
https://www.aiseoturbo.com/id/blog/ai-powered-seo-future,id
https://www.aiseoturbo.com/de/blog/complete-seo-audit-checklist-2025,de
https://www.aiseoturbo.com/fr/blog/complete-seo-audit-checklist-2025,fr
https://www.aiseoturbo.com/blog/complete-seo-audit-checklist-2025,en
https://www.aiseoturbo.com/it/blog/complete-seo-audit-checklist-2025,it
https://www.aiseoturbo.com/es/blog/complete-seo-audit-checklist-2025,es
https://www.aiseoturbo.com/id/blog/complete-seo-audit-checklist-2025,id
https://www.aiseoturbo.com/de/blog/content-seo-creating-search-friendly-content,de
https://www.aiseoturbo.com/fr/blog/content-seo-creating-search-friendly-content,fr
https://www.aiseoturbo.com/blog/content-seo-creating-search-friendly-content,en
https://www.aiseoturbo.com/it/blog/content-seo-creating-search-friendly-content,it
https://www.aiseoturbo.com/es/blog/content-seo-creating-search-friendly-content,es
https://www.aiseoturbo.com/id/blog/content-seo-creating-search-friendly-content,id
https://www.aiseoturbo.com/de/blog/core-web-vitals-optimization-guide,de
https://www.aiseoturbo.com/fr/blog/core-web-vitals-optimization-guide,fr
https://www.aiseoturbo.com/blog/core-web-vitals-optimization-guide,en
https://www.aiseoturbo.com/it/blog/core-web-vitals-optimization-guide,it
https://www.aiseoturbo.com/es/blog/core-web-vitals-optimization-guide,es
https://www.aiseoturbo.com/id/blog/core-web-vitals-optimization-guide,id
https://www.aiseoturbo.com/de/blog/local-seo-strategies-that-work,de
https://www.aiseoturbo.com/fr/blog/local-seo-strategies-that-work,fr
https://www.aiseoturbo.com/blog/local-seo-strategies-that-work,en
https://www.aiseoturbo.com/it/blog/local-seo-strategies-that-work,it
https://www.aiseoturbo.com/es/blog/local-seo-strategies-that-work,es
https://www.aiseoturbo.com/id/blog/local-seo-strategies-that-work,id
https://www.aiseoturbo.com/de/blog/technical-seo-best-practices-2025,de
https://www.aiseoturbo.com/fr/blog/technical-seo-best-practices-2025,fr
https://www.aiseoturbo.com/blog/technical-seo-best-practices-2025,en
https://www.aiseoturbo.com/it/blog/technical-seo-best-practices-2025,it
https://www.aiseoturbo.com/es/blog/technical-seo-best-practices-2025,es
https://www.aiseoturbo.com/id/blog/technical-seo-best-practices-2025,id
https://www.aiseoturbo.com/de/case-studies,de
https://www.aiseoturbo.com/fr/case-studies,fr
https://www.aiseoturbo.com/case-studies,en
https://www.aiseoturbo.com/it/case-studies,it
https://www.aiseoturbo.com/es/case-studies,es
https://www.aiseoturbo.com/id/case-studies,id
https://www.aiseoturbo.com/de/case-studies/cloudsync-pro,de
https://www.aiseoturbo.com/fr/case-studies/cloudsync-pro,fr
https://www.aiseoturbo.com/case-studies/cloudsync-pro,en
https://www.aiseoturbo.com/it/case-studies/cloudsync-pro,it
https://www.aiseoturbo.com/es/case-studies/cloudsync-pro,es
https://www.aiseoturbo.com/id/case-studies/cloudsync-pro,id
https://www.aiseoturbo.com/de/case-studies/digital-growth-agency,de
https://www.aiseoturbo.com/fr/case-studies/digital-growth-agency,fr
https://www.aiseoturbo.com/case-studies/digital-growth-agency,en
https://www.aiseoturbo.com/it/case-studies/digital-growth-agency,it
https://www.aiseoturbo.com/es/case-studies/digital-growth-agency,es
https://www.aiseoturbo.com/id/case-studies/digital-growth-agency,id
https://www.aiseoturbo.com/de/case-studies/gearhub-pro,de
https://www.aiseoturbo.com/fr/case-studies/gearhub-pro,fr
https://www.aiseoturbo.com/case-studies/gearhub-pro,en
https://www.aiseoturbo.com/it/case-studies/gearhub-pro,it
https://www.aiseoturbo.com/es/case-studies/gearhub-pro,es
https://www.aiseoturbo.com/id/case-studies/gearhub-pro,id
https://www.aiseoturbo.com/de/case-studies/peak-performance,de
https://www.aiseoturbo.com/fr/case-studies/peak-performance,fr
https://www.aiseoturbo.com/case-studies/peak-performance,en
https://www.aiseoturbo.com/it/case-studies/peak-performance,it
https://www.aiseoturbo.com/es/case-studies/peak-performance,es
https://www.aiseoturbo.com/id/case-studies/peak-performance,id
https://www.aiseoturbo.com/de/case-studies/stylecraft-boutique,de
https://www.aiseoturbo.com/fr/case-studies/stylecraft-boutique,fr
https://www.aiseoturbo.com/case-studies/stylecraft-boutique,en
https://www.aiseoturbo.com/it/case-studies/stylecraft-boutique,it
https://www.aiseoturbo.com/es/case-studies/stylecraft-boutique,es
https://www.aiseoturbo.com/id/case-studies/stylecraft-boutique,id
https://www.aiseoturbo.com/de/case-studies/techflow-solutions,de
https://www.aiseoturbo.com/fr/case-studies/techflow-solutions,fr
https://www.aiseoturbo.com/case-studies/techflow-solutions,en
https://www.aiseoturbo.com/it/case-studies/techflow-solutions,it
https://www.aiseoturbo.com/es/case-studies/techflow-solutions,es
https://www.aiseoturbo.com/id/case-studies/techflow-solutions,id
https://www.aiseoturbo.com/de/community,de
https://www.aiseoturbo.com/fr/community,fr
https://www.aiseoturbo.com/community,en
https://www.aiseoturbo.com/it/community,it
https://www.aiseoturbo.com/es/community,es
https://www.aiseoturbo.com/id/community,id
https://www.aiseoturbo.com/de/help,de
https://www.aiseoturbo.com/fr/help,fr
https://www.aiseoturbo.com/help,en
https://www.aiseoturbo.com/it/help,it
https://www.aiseoturbo.com/es/help,es
https://www.aiseoturbo.com/id/help,id
https://www.aiseoturbo.com/de/help/getting-started,de
https://www.aiseoturbo.com/fr/help/getting-started,fr
https://www.aiseoturbo.com/help/getting-started,en
https://www.aiseoturbo.com/it/help/getting-started,it
https://www.aiseoturbo.com/es/help/getting-started,es
https://www.aiseoturbo.com/id/help/getting-started,id
https://www.aiseoturbo.com/de/help/seo-tools-features,de
https://www.aiseoturbo.com/fr/help/seo-tools-features,fr
https://www.aiseoturbo.com/help/seo-tools-features,en
https://www.aiseoturbo.com/it/help/seo-tools-features,it
https://www.aiseoturbo.com/es/help/seo-tools-features,es
https://www.aiseoturbo.com/id/help/seo-tools-features,id
https://www.aiseoturbo.com/de/help/account-billing,de
https://www.aiseoturbo.com/fr/help/account-billing,fr
https://www.aiseoturbo.com/help/account-billing,en
https://www.aiseoturbo.com/it/help/account-billing,it
https://www.aiseoturbo.com/es/help/account-billing,es
https://www.aiseoturbo.com/id/help/account-billing,id
https://www.aiseoturbo.com/de/help/api-integrations,de
https://www.aiseoturbo.com/fr/help/api-integrations,fr
https://www.aiseoturbo.com/help/api-integrations,en
https://www.aiseoturbo.com/it/help/api-integrations,it
https://www.aiseoturbo.com/es/help/api-integrations,es
https://www.aiseoturbo.com/id/help/api-integrations,id
https://www.aiseoturbo.com/de/help/security-privacy,de
https://www.aiseoturbo.com/fr/help/security-privacy,fr
https://www.aiseoturbo.com/help/security-privacy,en
https://www.aiseoturbo.com/it/help/security-privacy,it
https://www.aiseoturbo.com/es/help/security-privacy,es
https://www.aiseoturbo.com/id/help/security-privacy,id
https://www.aiseoturbo.com/de/help/troubleshooting,de
https://www.aiseoturbo.com/fr/help/troubleshooting,fr
https://www.aiseoturbo.com/help/troubleshooting,en
https://www.aiseoturbo.com/it/help/troubleshooting,it
https://www.aiseoturbo.com/es/help/troubleshooting,es
https://www.aiseoturbo.com/id/help/troubleshooting,id
https://www.aiseoturbo.com/de/help/getting-started/quick-start,de
https://www.aiseoturbo.com/fr/help/getting-started/quick-start,fr
https://www.aiseoturbo.com/help/getting-started/quick-start,en
https://www.aiseoturbo.com/it/help/getting-started/quick-start,it
https://www.aiseoturbo.com/es/help/getting-started/quick-start,es
https://www.aiseoturbo.com/id/help/getting-started/quick-start,id
https://www.aiseoturbo.com/de/help/getting-started/dashboard-setup,de
https://www.aiseoturbo.com/fr/help/getting-started/dashboard-setup,fr
https://www.aiseoturbo.com/help/getting-started/dashboard-setup,en
https://www.aiseoturbo.com/it/help/getting-started/dashboard-setup,it
https://www.aiseoturbo.com/es/help/getting-started/dashboard-setup,es
https://www.aiseoturbo.com/id/help/getting-started/dashboard-setup,id
https://www.aiseoturbo.com/de/help/getting-started/first-audit,de
https://www.aiseoturbo.com/fr/help/getting-started/first-audit,fr
https://www.aiseoturbo.com/help/getting-started/first-audit,en
https://www.aiseoturbo.com/it/help/getting-started/first-audit,it
https://www.aiseoturbo.com/es/help/getting-started/first-audit,es
https://www.aiseoturbo.com/id/help/getting-started/first-audit,id
https://www.aiseoturbo.com/de/help/getting-started/seo-scores,de
https://www.aiseoturbo.com/fr/help/getting-started/seo-scores,fr
https://www.aiseoturbo.com/help/getting-started/seo-scores,en
https://www.aiseoturbo.com/it/help/getting-started/seo-scores,it
https://www.aiseoturbo.com/es/help/getting-started/seo-scores,es
https://www.aiseoturbo.com/id/help/getting-started/seo-scores,id
https://www.aiseoturbo.com/de/help/features/seo-audit,de
https://www.aiseoturbo.com/fr/help/features/seo-audit,fr
https://www.aiseoturbo.com/help/features/seo-audit,en
https://www.aiseoturbo.com/it/help/features/seo-audit,it
https://www.aiseoturbo.com/es/help/features/seo-audit,es
https://www.aiseoturbo.com/id/help/features/seo-audit,id
https://www.aiseoturbo.com/de/help/features/site-crawler,de
https://www.aiseoturbo.com/fr/help/features/site-crawler,fr
https://www.aiseoturbo.com/help/features/site-crawler,en
https://www.aiseoturbo.com/it/help/features/site-crawler,it
https://www.aiseoturbo.com/es/help/features/site-crawler,es
https://www.aiseoturbo.com/id/help/features/site-crawler,id
https://www.aiseoturbo.com/de/help/features/ai-assistant,de
https://www.aiseoturbo.com/fr/help/features/ai-assistant,fr
https://www.aiseoturbo.com/help/features/ai-assistant,en
https://www.aiseoturbo.com/it/help/features/ai-assistant,it
https://www.aiseoturbo.com/es/help/features/ai-assistant,es
https://www.aiseoturbo.com/id/help/features/ai-assistant,id
https://www.aiseoturbo.com/de/help/features/competitor-analysis,de
https://www.aiseoturbo.com/fr/help/features/competitor-analysis,fr
https://www.aiseoturbo.com/help/features/competitor-analysis,en
https://www.aiseoturbo.com/it/help/features/competitor-analysis,it
https://www.aiseoturbo.com/es/help/features/competitor-analysis,es
https://www.aiseoturbo.com/id/help/features/competitor-analysis,id
https://www.aiseoturbo.com/de/help/billing/upgrade-plan,de
https://www.aiseoturbo.com/fr/help/billing/upgrade-plan,fr
https://www.aiseoturbo.com/help/billing/upgrade-plan,en
https://www.aiseoturbo.com/it/help/billing/upgrade-plan,it
https://www.aiseoturbo.com/es/help/billing/upgrade-plan,es
https://www.aiseoturbo.com/id/help/billing/upgrade-plan,id
https://www.aiseoturbo.com/de/help/billing/payment-methods,de
https://www.aiseoturbo.com/fr/help/billing/payment-methods,fr
https://www.aiseoturbo.com/help/billing/payment-methods,en
https://www.aiseoturbo.com/it/help/billing/payment-methods,it
https://www.aiseoturbo.com/es/help/billing/payment-methods,es
https://www.aiseoturbo.com/id/help/billing/payment-methods,id
https://www.aiseoturbo.com/de/help/billing/invoices,de
https://www.aiseoturbo.com/fr/help/billing/invoices,fr
https://www.aiseoturbo.com/help/billing/invoices,en
https://www.aiseoturbo.com/it/help/billing/invoices,it
https://www.aiseoturbo.com/es/help/billing/invoices,es
https://www.aiseoturbo.com/id/help/billing/invoices,id
https://www.aiseoturbo.com/de/help/billing/cancellation,de
https://www.aiseoturbo.com/fr/help/billing/cancellation,fr
https://www.aiseoturbo.com/help/billing/cancellation,en
https://www.aiseoturbo.com/it/help/billing/cancellation,it
https://www.aiseoturbo.com/es/help/billing/cancellation,es
https://www.aiseoturbo.com/id/help/billing/cancellation,id
https://www.aiseoturbo.com/de/help/api/authentication,de
https://www.aiseoturbo.com/fr/help/api/authentication,fr
https://www.aiseoturbo.com/help/api/authentication,en
https://www.aiseoturbo.com/it/help/api/authentication,it
https://www.aiseoturbo.com/es/help/api/authentication,es
https://www.aiseoturbo.com/id/help/api/authentication,id
https://www.aiseoturbo.com/de/help/api/webhooks,de
https://www.aiseoturbo.com/fr/help/api/webhooks,fr
https://www.aiseoturbo.com/help/api/webhooks,en
https://www.aiseoturbo.com/it/help/api/webhooks,it
https://www.aiseoturbo.com/es/help/api/webhooks,es
https://www.aiseoturbo.com/id/help/api/webhooks,id
https://www.aiseoturbo.com/de/help/security/best-practices,de
https://www.aiseoturbo.com/fr/help/security/best-practices,fr
https://www.aiseoturbo.com/help/security/best-practices,en
https://www.aiseoturbo.com/it/help/security/best-practices,it
https://www.aiseoturbo.com/es/help/security/best-practices,es
https://www.aiseoturbo.com/id/help/security/best-practices,id
https://www.aiseoturbo.com/de/help/security/privacy,de
https://www.aiseoturbo.com/fr/help/security/privacy,fr
https://www.aiseoturbo.com/help/security/privacy,en
https://www.aiseoturbo.com/it/help/security/privacy,it
https://www.aiseoturbo.com/es/help/security/privacy,es
https://www.aiseoturbo.com/id/help/security/privacy,id
https://www.aiseoturbo.com/de/help/security/gdpr,de
https://www.aiseoturbo.com/fr/help/security/gdpr,fr
https://www.aiseoturbo.com/help/security/gdpr,en
https://www.aiseoturbo.com/it/help/security/gdpr,it
https://www.aiseoturbo.com/es/help/security/gdpr,es
https://www.aiseoturbo.com/id/help/security/gdpr,id
https://www.aiseoturbo.com/de/help/security/two-factor-authentication,de
https://www.aiseoturbo.com/fr/help/security/two-factor-authentication,fr
https://www.aiseoturbo.com/help/security/two-factor-authentication,en
https://www.aiseoturbo.com/it/help/security/two-factor-authentication,it
https://www.aiseoturbo.com/es/help/security/two-factor-authentication,es
https://www.aiseoturbo.com/id/help/security/two-factor-authentication,id
https://www.aiseoturbo.com/de/help/troubleshooting/audit-issues,de
https://www.aiseoturbo.com/fr/help/troubleshooting/audit-issues,fr
https://www.aiseoturbo.com/help/troubleshooting/audit-issues,en
https://www.aiseoturbo.com/it/help/troubleshooting/audit-issues,it
https://www.aiseoturbo.com/es/help/troubleshooting/audit-issues,es
https://www.aiseoturbo.com/id/help/troubleshooting/audit-issues,id
https://www.aiseoturbo.com/de/help/troubleshooting/login-issues,de
https://www.aiseoturbo.com/fr/help/troubleshooting/login-issues,fr
https://www.aiseoturbo.com/help/troubleshooting/login-issues,en
https://www.aiseoturbo.com/it/help/troubleshooting/login-issues,it
https://www.aiseoturbo.com/es/help/troubleshooting/login-issues,es
https://www.aiseoturbo.com/id/help/troubleshooting/login-issues,id
https://www.aiseoturbo.com/de/help/troubleshooting/sync-issues,de
https://www.aiseoturbo.com/fr/help/troubleshooting/sync-issues,fr
https://www.aiseoturbo.com/help/troubleshooting/sync-issues,en
https://www.aiseoturbo.com/it/help/troubleshooting/sync-issues,it
https://www.aiseoturbo.com/es/help/troubleshooting/sync-issues,es
https://www.aiseoturbo.com/id/help/troubleshooting/sync-issues,id
https://www.aiseoturbo.com/de/help/troubleshooting/performance,de
https://www.aiseoturbo.com/fr/help/troubleshooting/performance,fr
https://www.aiseoturbo.com/help/troubleshooting/performance,en
https://www.aiseoturbo.com/it/help/troubleshooting/performance,it
https://www.aiseoturbo.com/es/help/troubleshooting/performance,es
https://www.aiseoturbo.com/id/help/troubleshooting/performance,id
https://www.aiseoturbo.com/de/contact,de
https://www.aiseoturbo.com/fr/contact,fr
https://www.aiseoturbo.com/contact,en
https://www.aiseoturbo.com/it/contact,it
https://www.aiseoturbo.com/es/contact,es
https://www.aiseoturbo.com/id/contact,id
https://www.aiseoturbo.com/de/status,de
https://www.aiseoturbo.com/fr/status,fr
https://www.aiseoturbo.com/status,en
https://www.aiseoturbo.com/it/status,it
https://www.aiseoturbo.com/es/status,es
https://www.aiseoturbo.com/id/status,id
https://www.aiseoturbo.com/de/privacy,de
https://www.aiseoturbo.com/fr/privacy,fr
https://www.aiseoturbo.com/privacy,en
https://www.aiseoturbo.com/it/privacy,it
https://www.aiseoturbo.com/es/privacy,es
https://www.aiseoturbo.com/id/privacy,id
https://www.aiseoturbo.com/de/terms,de
https://www.aiseoturbo.com/fr/terms,fr
https://www.aiseoturbo.com/terms,en
https://www.aiseoturbo.com/it/terms,it
https://www.aiseoturbo.com/es/terms,es
https://www.aiseoturbo.com/id/terms,id